<?xml version="1.0" encoding="UTF-8"?>
<project-private xmlns="http://www.netbeans.org/ns/project-private/1">
    <editor-bookmarks xmlns="http://www.netbeans.org/ns/editor-bookmarks/2" lastBookmarkId="0"/>
    <open-files xmlns="http://www.netbeans.org/ns/projectui-open-files/2">
        <group>
            <file>file:/C:/wamp64/www/AnaliseFarmacia/controller/carrinhoController.php</file>
            <file>file:/C:/wamp64/www/AnaliseFarmacia/model/usuariosModel.php</file>
            <file>file:/C:/wamp64/www/AnaliseFarmacia/index.php</file>
            <file>file:/C:/wamp64/www/AnaliseFarmacia/controller/loginController.php</file>
            <file>file:/C:/wamp64/www/AnaliseFarmacia/carrinho.php</file>
            <file>file:/C:/wamp64/www/AnaliseFarmacia/cadastroLogin.php</file>
            <file>file:/C:/wamp64/www/AnaliseFarmacia/shared/headerShared.php</file>
            <file>file:/C:/wamp64/www/AnaliseFarmacia/controller/exibeProdutosController.php</file>
            <file>file:/C:/wamp64/www/AnaliseFarmacia/model/comprasModel.php</file>
            <file>file:/C:/wamp64/www/AnaliseFarmacia/ultimasCompras.php</file>
            <file>file:/C:/wamp64/www/AnaliseFarmacia/model/produtosModel.php</file>
            <file>file:/C:/wamp64/www/AnaliseFarmacia/controller/logoutController.php</file>
            <file>file:/C:/wamp64/www/AnaliseFarmacia/exibirProduto.php</file>
            <file>file:/C:/wamp64/www/AnaliseFarmacia/model/subcategoriasModel.php</file>
            <file>file:/C:/wamp64/www/AnaliseFarmacia/controller/ultimasComprasController.php</file>
            <file>file:/C:/wamp64/www/AnaliseFarmacia/model/farmaciasModel.php</file>
        </group>
    </open-files>
</project-private>
